,mean_fit_time,std_fit_time,mean_score_time,std_score_time,param_eta,param_gamma,param_max_depth,param_n_estimators,param_scale_pos_weight,params,split0_test_f1,split1_test_f1,split2_test_f1,mean_test_f1,std_test_f1,rank_test_f1,split0_test_recall,split1_test_recall,split2_test_recall,mean_test_recall,std_test_recall,rank_test_recall
0,5.206259727478027,0.03139913212686756,1.1266611417134602,0.03620245169834653,0.1,0.0,6.0,50.0,1.0,"{'eta': 0.1, 'gamma': 0, 'max_depth': 6, 'n_estimators': 50, 'scale_pos_weight': 1}",0.7999418510188898,0.8011474891193748,0.8012197251359627,0.8007696884247425,0.0005861118143720534,140,0.7469219590872072,0.7478668294980165,0.7503968728810179,0.7483952204887472,0.0014670047143568814,143
1,5.182376543680827,0.02118142630308185,1.1306335131327312,0.03224046300299699,0.1,0.0,6.0,50.0,1.5,"{'eta': 0.1, 'gamma': 0, 'max_depth': 6, 'n_estimators': 50, 'scale_pos_weight': 1.5}",0.807248604481838,0.8068805266894727,0.8072570750447534,0.8071287354053548,0.00017554413042282716,130,0.7967295316267706,0.7982567467254137,0.8004148219057876,0.7984670334193241,0.0015118435722391074,108
2,5.347229242324829,0.03413414307644758,1.193151632944743,0.03628876529566625,0.1,0.0,6.0,50.0,2.0,"{'eta': 0.1, 'gamma': 0, 'max_depth': 6, 'n_estimators': 50, 'scale_pos_weight': 2}",0.8052501299729191,0.8034841478245377,0.8047084456875303,0.8044809078283289,0.0007386940481362511,134,0.8285958384567478,0.8279575042104675,0.830848390570779,0.8291339110793313,0.0012400127949445258,69
3,5.479631503423055,0.05007938587174708,1.0977274576822917,0.02807290687065652,0.1,0.0,6.0,50.0,3.0,"{'eta': 0.1, 'gamma': 0, 'max_depth': 6, 'n_estimators': 50, 'scale_pos_weight': 3}",0.7917220817561346,0.7909964099240478,0.792167842338739,0.7916287780063072,0.00048276472381910486,143,0.8650772105204324,0.8670130823814883,0.8689800965258665,0.8670234631425958,0.0015933634473453103,19
4,8.244280815124512,0.01685720915142572,1.2666067282358806,0.011491661731289474,0.1,0.0,6.0,100.0,1.0,"{'eta': 0.1, 'gamma': 0, 'max_depth': 6, 'n_estimators': 100, 'scale_pos_weight': 1}",0.811391874912746,0.8128852486701005,0.8128173095932129,0.8123648110586864,0.0006885286184321695,118,0.7657016016991105,0.7684202964488398,0.770771010330661,0.7682976361595371,0.0020713940761941762,142
5,8.196906725565592,0.0409753448688544,1.2613108952840169,0.014498848637981107,0.1,0.0,6.0,100.0,1.5,"{'eta': 0.1, 'gamma': 0, 'max_depth': 6, 'n_estimators': 100, 'scale_pos_weight': 1.5}",0.8175378612658635,0.8165311816302362,0.8166908133289577,0.8169199520750192,0.0004417611691903451,103,0.8114051196882834,0.8117701523750229,0.8139284432212517,0.8123679050948528,0.0011134845152510336,102
6,8.60801903406779,0.2673378953230157,1.2712440490722656,0.02282525062202222,0.1,0.0,6.0,100.0,2.0,"{'eta': 0.1, 'gamma': 0, 'max_depth': 6, 'n_estimators': 100, 'scale_pos_weight': 2}",0.814225291994878,0.8124651465394387,0.8136135239206085,0.8134346541516417,0.0007296226429982407,113,0.8377141853371872,0.8372963610386086,0.8402536795500778,0.8384214086419579,0.001306791693851172,57
7,8.798260847727457,0.03292817329766357,1.3563798268636067,0.1165201414928988,0.1,0.0,6.0,100.0,3.0,"{'eta': 0.1, 'gamma': 0, 'max_depth': 6, 'n_estimators': 100, 'scale_pos_weight': 3}",0.8023016670161845,0.8012548386504981,0.8014835785846749,0.8016800280837858,0.0004493749073822158,137,0.8705865444499449,0.8715388360751259,0.8739978461170277,0.8720410755473661,0.0014372260623779398,9
8,11.852091471354166,0.07046577185381321,1.410557508468628,0.016614539759864853,0.1,0.0,6.0,150.0,1.0,"{'eta': 0.1, 'gamma': 0, 'max_depth': 6, 'n_estimators': 150, 'scale_pos_weight': 1}",0.8169040172087914,0.817666034395017,0.8181052719770439,0.8175584411936173,0.0004962764534026696,99,0.7747321186183549,0.7758993638402656,0.7789637429699653,0.7765317418095287,0.0017844864032903933,135
9,11.831642071406046,0.05875233357077898,1.4228785037994385,0.007313453879678254,0.1,0.0,6.0,150.0,1.5,"{'eta': 0.1, 'gamma': 0, 'max_depth': 6, 'n_estimators': 150, 'scale_pos_weight': 1.5}",0.8209539958773492,0.8206216332211576,0.820928884179379,0.8208348377592952,0.00015110654222682317,81,0.8156608805352837,0.8165114181493099,0.8188823740576762,0.8170182242474233,0.0013631200594023851,90
10,11.85451110204061,0.08881525194763347,1.5758090019226074,0.13716523571623138,0.1,0.0,6.0,150.0,2.0,"{'eta': 0.1, 'gamma': 0, 'max_depth': 6, 'n_estimators': 150, 'scale_pos_weight': 2}",0.8176402050644711,0.8172725792570883,0.8177766783523563,0.8175631542246385,0.00021288744820004423,98,0.8404768368438703,0.8413831086420345,0.8439073032587452,0.8419224162482166,0.0014514738432505065,44
11,11.796980142593384,0.03019995374666052,1.4089056650797527,0.0016854042167426882,0.1,0.0,6.0,150.0,3.0,"{'eta': 0.1, 'gamma': 0, 'max_depth': 6, 'n_estimators': 150, 'scale_pos_weight': 3}",0.8064232844059717,0.8059491545395628,0.8062854142108529,0.8062192843854624,0.00019913085799684073,132,0.8725188035962377,0.8735023905877094,0.8757608392166247,0.8739273444668573,0.00135723692122801,3
12,14.157038370768229,0.07612379313685871,1.2689764499664307,0.0012465576879148643,0.1,0.0,10.0,50.0,1.0,"{'eta': 0.1, 'gamma': 0, 'max_depth': 10, 'n_estimators': 50, 'scale_pos_weight': 1}",0.8192325356996887,0.8199505490571044,0.8199682338791128,0.8197171062119687,0.00034271915057940106,86,0.7762012743328915,0.7768891230254703,0.7804235969845639,0.7778379981143085,0.0018497342321479016,134
13,14.20453937848409,0.09018786427599944,1.302871863047282,0.04488767956862357,0.1,0.0,10.0,50.0,1.5,"{'eta': 0.1, 'gamma': 0, 'max_depth': 10, 'n_estimators': 50, 'scale_pos_weight': 1.5}",0.8243456068229726,0.8236300886027409,0.823951046843799,0.8239755807565042,0.0002926237806756539,60,0.8149662253876495,0.8143243696271641,0.8179729568026803,0.8157545172724979,0.0015904087873088468,95
14,14.245119333267212,0.053683810000898245,1.2766166528065999,0.03816600200569211,0.1,0.0,10.0,50.0,2.0,"{'eta': 0.1, 'gamma': 0, 'max_depth': 10, 'n_estimators': 50, 'scale_pos_weight': 2}",0.8222284895062164,0.8212922999937449,0.8230467439883316,0.822189177829431,0.0007167879688741457,69,0.8380175979304068,0.8384218130153333,0.841785329663755,0.8394082468698315,0.0016889324864334115,53
15,14.277732133865356,0.07613102518238926,1.3730034828186035,0.12016908810083117,0.1,0.0,10.0,50.0,3.0,"{'eta': 0.1, 'gamma': 0, 'max_depth': 10, 'n_estimators': 50, 'scale_pos_weight': 3}",0.8131363209470962,0.8129612261750407,0.8136539479274593,0.8132504983498654,0.0002941011345844461,114,0.8675923412273838,0.8683221187232106,0.8707989310358581,0.8689044636621509,0.0013723213352770385,17
16,23.670262336730957,0.31128500201940834,1.659888505935669,0.03817731957192348,0.1,0.0,10.0,100.0,1.0,"{'eta': 0.1, 'gamma': 0, 'max_depth': 10, 'n_estimators': 100, 'scale_pos_weight': 1}",0.8250656685604948,0.8247364781324001,0.8257202358842948,0.8251741275257299,0.00040887434007536526,47,0.784992254994331,0.785334003815362,0.7891587890391288,0.7864950159496072,0.00188873209120359,122
17,23.761664470036823,0.21410897126364623,1.6466063658396404,0.06639528886340694,0.1,0.0,10.0,100.0,1.5,"{'eta': 0.1, 'gamma': 0, 'max_depth': 10, 'n_estimators': 100, 'scale_pos_weight': 1.5}",0.8293984907674763,0.8282030470791085,0.8286940142318963,0.8287651840261603,0.000490625626267986,20,0.8187828364286741,0.8185547919510229,0.8212436679829285,0.8195270987875419,0.001217362839052677,81
18,23.990821202596027,0.2509417793094091,1.6053865750630696,0.11593110178384598,0.1,0.0,10.0,100.0,2.0,"{'eta': 0.1, 'gamma': 0, 'max_depth': 10, 'n_estimators': 100, 'scale_pos_weight': 2}",0.8288718439640874,0.8267727680186201,0.8285348061447281,0.8280598060424785,0.0009204161301870263,22,0.83997381070248,0.8392519336222791,0.8430856367915122,0.8407704603720904,0.0016633917196528822,48
19,24.022758324940998,0.3719421967334396,1.6130178769429524,0.037883689776014716,0.1,0.0,10.0,100.0,3.0,"{'eta': 0.1, 'gamma': 0, 'max_depth': 10, 'n_estimators': 100, 'scale_pos_weight': 3}",0.8214364272115655,0.8213141752032153,0.8214083571681924,0.821386319860991,5.228524691811296e-05,78,0.8647179061337251,0.8677873294860436,0.8682860675681066,0.8669304343959584,0.0015776873162978862,21
20,32.04792149861654,0.43019134750550414,1.873693545659383,0.04943580436880723,0.1,0.0,10.0,150.0,1.0,"{'eta': 0.1, 'gamma': 0, 'max_depth': 10, 'n_estimators': 150, 'scale_pos_weight': 1}",0.8278260286656358,0.8275377296519291,0.828589163045878,0.8279843071211476,0.00044359673697866005,24,0.7888248351192092,0.7893489140585714,0.7933548721630569,0.7905095404469459,0.002023297492494425,113
21,32.277601877848305,0.11223391084030647,1.992695728937785,0.0881569497200767,0.1,0.0,10.0,150.0,1.5,"{'eta': 0.1, 'gamma': 0, 'max_depth': 10, 'n_estimators': 150, 'scale_pos_weight': 1.5}",0.8315731501878969,0.8300365795859175,0.8319739120257328,0.8311945472665156,0.0008349927642995709,5,0.8198208268791619,0.8177565990597288,0.8222408360256871,0.8199394206548593,0.0018326017305900439,79
22,32.70793398221334,0.29112747600871536,1.8683594067891438,0.023927183993180855,0.1,0.0,10.0,150.0,2.0,"{'eta': 0.1, 'gamma': 0, 'max_depth': 10, 'n_estimators': 150, 'scale_pos_weight': 2}",0.8317502801192536,0.8295991404509472,0.8305404330865188,0.8306299512189065,0.0008804773667959733,7,0.8386803149103336,0.8381743732190321,0.841561964022177,0.8394722173838476,0.0014920399923273086,52
23,32.872286001841225,0.5556354533494112,1.994329849878947,0.06256173927374806,0.1,0.0,10.0,150.0,3.0,"{'eta': 0.1, 'gamma': 0, 'max_depth': 10, 'n_estimators': 150, 'scale_pos_weight': 3}",0.8255541607984815,0.8248294461141139,0.8256881432602131,0.8253572500576029,0.00037720072206079343,44,0.8611887386020664,0.864203443404133,0.8649355829444378,0.8634425883168791,0.0016214984796663599,26
24,5.6334614753723145,0.11062903890637439,1.137663205464681,0.011410874990392311,0.1,5.0,6.0,50.0,1.0,"{'eta': 0.1, 'gamma': 5, 'max_depth': 6, 'n_estimators': 50, 'scale_pos_weight': 1}",0.7998922012756182,0.8011184123333177,0.8013117546848381,0.8007741227645914,0.0006285880743153745,139,0.7465147474489389,0.7478428837112777,0.7504606916357545,0.7482727742653236,0.001639354201651657,144
25,5.6289286613464355,0.009148998925061855,1.164549430211385,0.012444036539221623,0.1,5.0,6.0,50.0,1.5,"{'eta': 0.1, 'gamma': 5, 'max_depth': 6, 'n_estimators': 50, 'scale_pos_weight': 1.5}",0.8072437798065683,0.8068805266894727,0.8073556152744477,0.8071599739234961,0.00020280509596075922,129,0.7967215470848438,0.7982567467254137,0.800470663316182,0.7984829857088132,0.00153890787838392,107
26,5.7414445877075195,0.026287937985822275,1.1599310239156086,0.05432169551538153,0.1,5.0,6.0,50.0,2.0,"{'eta': 0.1, 'gamma': 5, 'max_depth': 6, 'n_estimators': 50, 'scale_pos_weight': 2}",0.8053114519935411,0.8034779240898529,0.8047084456875303,0.8044992739236414,0.0007630075419055747,133,0.8282924258635282,0.8279575042104675,0.830848390570779,0.8290327735482582,0.0012910956607399974,71
27,5.7563159465789795,0.080443728600772,1.1200378735860188,0.021166860663623915,0.1,5.0,6.0,50.0,3.0,"{'eta': 0.1, 'gamma': 5, 'max_depth': 6, 'n_estimators': 50, 'scale_pos_weight': 3}",0.7913725834027442,0.7909964099240478,0.792167842338739,0.7915122785551771,0.0004883301664906906,144,0.8648217051787739,0.8670130823814883,0.8689800965258665,0.8669382946953762,0.0016984796235435947,20
28,8.893659432729086,0.053725280088487024,1.2995487054189045,0.07436338461523642,0.1,5.0,6.0,100.0,1.0,"{'eta': 0.1, 'gamma': 5, 'max_depth': 6, 'n_estimators': 100, 'scale_pos_weight': 1}",0.8118111434174048,0.8129093281423524,0.8131566887122069,0.8126257200906547,0.0005847781233549803,117,0.7668912984462082,0.7683165313729716,0.7714171752223685,0.7688750016805161,0.0018894103068688756,139
29,8.908469200134277,0.07920566894236608,1.3144816557566326,0.08058570662075598,0.1,5.0,6.0,100.0,1.5,"{'eta': 0.1, 'gamma': 5, 'max_depth': 6, 'n_estimators': 100, 'scale_pos_weight': 1.5}",0.8170436756260789,0.8162809744816842,0.8164647127559106,0.8165964542878913,0.00032500782795875704,104,0.8105427891601859,0.8114269294317665,0.8138008057117786,0.8119235081012436,0.0013756479064663382,103
30,8.847165902455648,0.07398931156521954,1.2938859462738037,0.017207848912032152,0.1,5.0,6.0,100.0,2.0,"{'eta': 0.1, 'gamma': 5, 'max_depth': 6, 'n_estimators': 100, 'scale_pos_weight': 2}",0.8145804131997159,0.8124380344528442,0.8136799011277615,0.8135661162601071,0.0008783154030461297,112,0.8375624790405775,0.8372165417494791,0.8403254756491564,0.8383681654797376,0.0013912142123161315,58
31,8.802268743515015,0.054702255164904595,1.2938958009084065,0.054774975771040194,0.1,5.0,6.0,100.0,3.0,"{'eta': 0.1, 'gamma': 5, 'max_depth': 6, 'n_estimators': 100, 'scale_pos_weight': 3}",0.8022471165562867,0.8008552588148138,0.8018442960387888,0.8016488904699631,0.000584781723021833,138,0.8699956883473595,0.8714909445016483,0.8740138008057118,0.8718334778849065,0.0016581724419726192,10
32,12.034252007802328,0.1013125522347273,1.510624885559082,0.10089417137371219,0.1,5.0,6.0,150.0,1.0,"{'eta': 0.1, 'gamma': 5, 'max_depth': 6, 'n_estimators': 150, 'scale_pos_weight': 1}",0.8159708762408777,0.817789625941873,0.817311076474433,0.8170238595523945,0.0007697760665485879,102,0.7731272256910621,0.7762026771389574,0.7780543257149695,0.7757947428483295,0.002032057487785806,136
33,11.90780782699585,0.0846486171383886,1.4840283393859863,0.026995761542318687,0.1,5.0,6.0,150.0,1.5,"{'eta': 0.1, 'gamma': 5, 'max_depth': 6, 'n_estimators': 150, 'scale_pos_weight': 1.5}",0.8209634004258567,0.8205607551620525,0.820320526402053,0.8206148939966541,0.00026522947634001747,82,0.8158046022899667,0.8163198518553993,0.8184914841849148,0.8168719794434268,0.0011643216149174313,91
34,11.984702428181967,0.032502167458942036,1.5525705814361572,0.037378864734395875,0.1,5.0,6.0,150.0,2.0,"{'eta': 0.1, 'gamma': 5, 'max_depth': 6, 'n_estimators': 150, 'scale_pos_weight': 2}",0.818362450763482,0.8170015743634687,0.8174890838131302,0.817617702980027,0.0005629702843538858,97,0.8402293160441385,0.8408563013337803,0.8438355071596666,0.8416403748458618,0.0015731564967053256,45
35,11.970349788665771,0.04236818513992351,1.5541959603627522,0.05250296663554909,0.1,5.0,6.0,150.0,3.0,"{'eta': 0.1, 'gamma': 5, 'max_depth': 6, 'n_estimators': 150, 'scale_pos_weight': 3}",0.8066512872566208,0.8060965283657918,0.8063337393422656,0.8063605183215593,0.0002272695786028455,131,0.8724788808866035,0.8738615773887918,0.8766463244385944,0.8743289275713299,0.0017331490769879549,1
36,13.554543256759644,0.02909337315890571,1.3829714457194011,0.01803938551411422,0.1,5.0,10.0,50.0,1.0,"{'eta': 0.1, 'gamma': 5, 'max_depth': 10, 'n_estimators': 50, 'scale_pos_weight': 1}",0.8194821883755714,0.8202549753860395,0.8205106718175189,0.8200826118597099,0.0004372081399795921,84,0.7764967023841842,0.7780385207889339,0.7810936939092976,0.7785429723608054,0.0019103117218163992,133
37,13.853506326675415,0.051950152002871945,1.3487311999003093,0.023424546881725596,0.1,5.0,10.0,50.0,1.5,"{'eta': 0.1, 'gamma': 5, 'max_depth': 10, 'n_estimators': 50, 'scale_pos_weight': 1.5}",0.8242322404481947,0.8243024396942004,0.8242787862215396,0.8242711554546448,2.9162247141281953e-05,56,0.8146468437105763,0.8145877732812912,0.8175980216186032,0.8156108795368237,0.0014053285662763732,96
38,13.982247114181519,0.09299603216725177,1.4451173146565754,0.0738673630633575,0.1,5.0,10.0,50.0,2.0,"{'eta': 0.1, 'gamma': 5, 'max_depth': 10, 'n_estimators': 50, 'scale_pos_weight': 2}",0.8222922826874498,0.8219968792651021,0.8231826422597814,0.8224906014041111,0.0005039882306306764,65,0.8382172114785775,0.8388688010344579,0.842144310159148,0.8397434408907278,0.0017183853216254158,51
39,14.210552136103312,0.10377873265498497,1.370652437210083,0.04446405484915979,0.1,5.0,10.0,50.0,3.0,"{'eta': 0.1, 'gamma': 5, 'max_depth': 10, 'n_estimators': 50, 'scale_pos_weight': 3}",0.8140966128597525,0.8138849405251739,0.813218690808215,0.8137334147310472,0.00037408272869184116,111,0.868191181871896,0.8683700102966883,0.8699373778469147,0.868832856671833,0.0007844191783442218,18
40,21.678574323654175,0.23401983921673714,1.8200910886128743,0.08591873948607759,0.1,5.0,10.0,100.0,1.0,"{'eta': 0.1, 'gamma': 5, 'max_depth': 10, 'n_estimators': 100, 'scale_pos_weight': 1}",0.826006711409396,0.8248125026186784,0.826095844406156,0.8256383528114101,0.000585096902745802,43,0.7861579981156481,0.7856532809718797,0.7898209086195206,0.7872107292356828,0.0018571415599718994,120
41,22.197066863377888,0.15570089888407265,1.729707956314087,0.02234314990997846,0.1,5.0,10.0,100.0,1.5,"{'eta': 0.1, 'gamma': 5, 'max_depth': 10, 'n_estimators': 100, 'scale_pos_weight': 1.5}",0.8294381749787647,0.8291823716433768,0.8301367215807527,0.8295857560676314,0.00040334524837963126,16,0.8186630682997716,0.8191454546905805,0.8224482469785809,0.8200855899896443,0.0016822178204258333,78
42,22.611079613367718,0.13131637412333952,1.717037518819173,0.15694329103077329,0.1,5.0,10.0,100.0,2.0,"{'eta': 0.1, 'gamma': 5, 'max_depth': 10, 'n_estimators': 100, 'scale_pos_weight': 2}",0.828165400099961,0.8273691160173228,0.8291786500740554,0.8282377220637797,0.0007405071349900707,21,0.8401175324571629,0.8402337108785709,0.8440748274899286,0.8414753569418875,0.0018387150774386,46
43,22.866887887318928,0.3091947063230727,1.653926690419515,0.037094251581974665,0.1,5.0,10.0,100.0,3.0,"{'eta': 0.1, 'gamma': 5, 'max_depth': 10, 'n_estimators': 100, 'scale_pos_weight': 3}",0.8223285994216213,0.8213008886719858,0.8204407079979642,0.8213567320305238,0.0007717393201503093,79,0.8661790773063349,0.8664064557841048,0.8680387698935025,0.8668747676613141,0.0008282918730507762,22
44,28.332013209660847,0.04120973642036846,1.8746541341145833,0.04180866968641107,0.1,5.0,10.0,150.0,1.0,"{'eta': 0.1, 'gamma': 5, 'max_depth': 10, 'n_estimators': 150, 'scale_pos_weight': 1}",0.827837845763287,0.8273234465048974,0.8281756139860841,0.8277789687514229,0.0003503781108959717,26,0.788928634164258,0.7894846068500914,0.7923577041202984,0.7902569817115492,0.0015026759211073668,114
45,29.28935996691386,0.19189590954127428,1.8880985577901204,0.07574549166134234,0.1,5.0,10.0,150.0,1.5,"{'eta': 0.1, 'gamma': 5, 'max_depth': 10, 'n_estimators': 150, 'scale_pos_weight': 1.5}",0.8318409169147277,0.8303937288437556,0.8319153142031862,0.8313833199872231,0.0007004054599799438,3,0.8199885022596254,0.8184829545908064,0.8225280204220016,0.8203331590908111,0.0016692774171554654,77
46,30.00238561630249,0.2784244025842774,1.97306227684021,0.07448611574099985,0.1,5.0,10.0,150.0,2.0,"{'eta': 0.1, 'gamma': 5, 'max_depth': 10, 'n_estimators': 150, 'scale_pos_weight': 2}",0.8306041627928138,0.8299778494632146,0.8317060971142978,0.8307627031234421,0.0007144047700453831,6,0.8381613196850897,0.8389246745368486,0.8423118343903314,0.8397992762040899,0.0018037718142571758,50
47,30.82656494776408,0.30019158833523296,2.1436115900675454,0.09091112486656057,0.1,5.0,10.0,150.0,3.0,"{'eta': 0.1, 'gamma': 5, 'max_depth': 10, 'n_estimators': 150, 'scale_pos_weight': 3}",0.8267749347218558,0.8252934650415369,0.8253462060987072,0.8258048686207,0.0006862781677214291,41,0.8633765030900177,0.8639320578210931,0.8650711977982529,0.8641265862364546,0.0007053975318062036,25
48,5.616113821665446,0.07903786110571713,1.2004388968149822,0.00952728895683143,0.2,0.0,6.0,50.0,1.0,"{'eta': 0.2, 'gamma': 0, 'max_depth': 6, 'n_estimators': 50, 'scale_pos_weight': 1}",0.8109361928663777,0.8113222676609735,0.8127560345370896,0.8116714983548136,0.0007829122917052802,123,0.7662525350920618,0.7672309890408116,0.7715687447648678,0.7683507562992471,0.0023102568913589286,141
49,5.559014240900676,0.041314980160202956,1.212395429611206,0.039020782120898836,0.2,0.0,6.0,50.0,1.5,"{'eta': 0.2, 'gamma': 0, 'max_depth': 6, 'n_estimators': 50, 'scale_pos_weight': 1.5}",0.8145450457142628,0.8147874840582965,0.8158368997526483,0.8150564765084026,0.0005606480879504625,106,0.8098720876383322,0.810820302834383,0.8143432651270393,0.8116785518665847,0.0019235904943337462,105
50,5.588910897572835,0.014373388658540053,1.2004567782084148,0.029644347859522135,0.2,0.0,6.0,50.0,2.0,"{'eta': 0.2, 'gamma': 0, 'max_depth': 6, 'n_estimators': 50, 'scale_pos_weight': 2}",0.8131629803763618,0.8115066923678365,0.8111942084018308,0.8119546270486763,0.0008639058130178573,120,0.838241165104358,0.8367296440857898,0.8384507997287703,0.8378072029729727,0.0007667405191016158,59
51,5.532868385314941,0.05033673500458561,1.2293742497762044,0.033357828405750266,0.2,0.0,6.0,50.0,3.0,"{'eta': 0.2, 'gamma': 0, 'max_depth': 6, 'n_estimators': 50, 'scale_pos_weight': 3}",0.800359567051917,0.7991523808127171,0.8004608800614507,0.7999909426420282,0.0005943935495715738,142,0.870866003417384,0.8699504322214506,0.872873040564796,0.8712298254012101,0.0012205694597425677,14
52,8.796879688898722,0.11619768487819573,1.403587818145752,0.05054191906541919,0.2,0.0,6.0,100.0,1.0,"{'eta': 0.2, 'gamma': 0, 'max_depth': 6, 'n_estimators': 100, 'scale_pos_weight': 1}",0.8171643672173021,0.8194190551260334,0.8194843844044674,0.8186892689159343,0.0010785981245807433,95,0.7765286405518915,0.7799861114436915,0.7820190658529775,0.7795112726161868,0.0022664651524316923,131
53,8.680118958155314,0.10813265260832162,1.3337762355804443,0.03881053398054134,0.2,0.0,6.0,100.0,1.5,"{'eta': 0.2, 'gamma': 0, 'max_depth': 6, 'n_estimators': 100, 'scale_pos_weight': 1.5}",0.821289721427883,0.8213598923111439,0.8219533828218014,0.8215343321869427,0.00029769510593442736,76,0.8163715047667716,0.8182195509366793,0.8205895257468788,0.8183935271501098,0.0017263885308713084,88
54,8.606899817784628,0.05024927756855984,1.3095085620880127,0.02187532952109961,0.2,0.0,6.0,100.0,2.0,"{'eta': 0.2, 'gamma': 0, 'max_depth': 6, 'n_estimators': 100, 'scale_pos_weight': 2}",0.8188890267738033,0.8185766348284734,0.8178700535482999,0.8184452383835256,0.00042624357503028427,96,0.8430159211766021,0.8417422954431167,0.8437557337162459,0.8428379834453216,0.0008315566916273262,43
55,8.456444581349691,0.04788698513804028,1.3008512655893962,0.04030940913776254,0.2,0.0,6.0,100.0,3.0,"{'eta': 0.2, 'gamma': 0, 'max_depth': 6, 'n_estimators': 100, 'scale_pos_weight': 3}",0.8068893952207037,0.8075423203048835,0.8090370097587922,0.8078229084281264,0.0008989287410509149,128,0.8723112055061402,0.8727281434831541,0.8762873439432013,0.8737755643108317,0.001784234104662017,4
56,11.581544955571493,0.08644318433325585,1.483699878056844,0.10682396986520556,0.2,0.0,6.0,150.0,1.0,"{'eta': 0.2, 'gamma': 0, 'max_depth': 6, 'n_estimators': 150, 'scale_pos_weight': 1}",0.8206012400681282,0.8228336570012724,0.8218894681960375,0.8217747884218127,0.0009149808481818888,73,0.7809281231535746,0.7846156302131974,0.7859598739579594,0.7838345424415771,0.002127158138548192,128
57,11.411070505777994,0.04920874646596582,1.4641098181406658,0.045383617428718055,0.2,0.0,6.0,150.0,1.5,"{'eta': 0.2, 'gamma': 0, 'max_depth': 6, 'n_estimators': 150, 'scale_pos_weight': 1.5}",0.8244976906006846,0.8245981326402925,0.8245585291097054,0.8245514507835608,4.1309626447967414e-05,53,0.8202679612270644,0.8205502741792582,0.8230226157712097,0.821280283725844,0.0012373940003020027,74
58,11.43421490987142,0.09305788895158504,1.443017562230428,0.02730077015761285,0.2,0.0,6.0,150.0,2.0,"{'eta': 0.2, 'gamma': 0, 'max_depth': 6, 'n_estimators': 150, 'scale_pos_weight': 2}",0.8219696822428453,0.821006693919463,0.8209464689309267,0.8213076150310784,0.0004687974025693767,80,0.8440379425432363,0.8424127774718039,0.846101072952814,0.8441839309892848,0.0015092747394239094,37
59,11.584270238876343,0.08542759765898135,1.5395668347676594,0.08662324686547296,0.2,0.0,6.0,150.0,3.0,"{'eta': 0.2, 'gamma': 0, 'max_depth': 6, 'n_estimators': 150, 'scale_pos_weight': 3}",0.8115250286715339,0.8108703799215594,0.8131728380456644,0.8118560822129192,0.0009686849122262402,121,0.8729100461506524,0.8721534446014224,0.8773483307406964,0.8741372738309238,0.002291473519291814,2
60,12.927802085876465,0.0696218895113795,1.3484132289886475,0.03423892409452647,0.2,0.0,10.0,50.0,1.0,"{'eta': 0.2, 'gamma': 0, 'max_depth': 10, 'n_estimators': 50, 'scale_pos_weight': 1}",0.8233342132056262,0.8228645582602507,0.8230477381696895,0.8230821698785222,0.00019327544913715333,63,0.7845051979367944,0.7845038832084161,0.7873957959395317,0.7854682923615807,0.0013629509564147795,123
61,13.106736977895102,0.0775102371503518,1.3440666993459065,0.08271738398452712,0.2,0.0,10.0,50.0,1.5,"{'eta': 0.2, 'gamma': 0, 'max_depth': 10, 'n_estimators': 50, 'scale_pos_weight': 1.5}",0.8270188807317951,0.8250877546903369,0.8286401016085339,0.826915579010222,0.001452077957288753,28,0.8171699589594545,0.8161442494193146,0.8223206094691078,0.8185449392826257,0.0027024413694535588,86
62,13.021350860595703,0.15273295701931258,1.305202802022298,0.06230670176871857,0.2,0.0,10.0,50.0,2.0,"{'eta': 0.2, 'gamma': 0, 'max_depth': 10, 'n_estimators': 50, 'scale_pos_weight': 2}",0.826236039320203,0.8245684968341387,0.8250932105147727,0.8252992488897047,0.0006961864427799206,46,0.8378898452595774,0.838334011797291,0.8403174983048143,0.8388471184538941,0.0010554094490764787,56
63,13.243497769037882,0.2189528185532278,1.2623221079508464,0.055891897996658155,0.2,0.0,10.0,50.0,3.0,"{'eta': 0.2, 'gamma': 0, 'max_depth': 10, 'n_estimators': 50, 'scale_pos_weight': 3}",0.8194037645028721,0.8187594256362187,0.8181468462896194,0.8187700121429033,0.000513189311589412,94,0.8644624007920666,0.8645227205606507,0.8652626540624626,0.8647492584717268,0.0003638597651668029,24
64,21.48479970296224,0.12697511782525456,1.6641916433970134,0.1160905532630155,0.2,0.0,10.0,100.0,1.0,"{'eta': 0.2, 'gamma': 0, 'max_depth': 10, 'n_estimators': 100, 'scale_pos_weight': 1}",0.826751560382189,0.8266706767922337,0.827162086254603,0.8268614411430085,0.00021513739970109604,29,0.7889925104996727,0.789811865935522,0.7929320729129273,0.790578816449374,0.0016972915326102372,112
65,21.911245346069336,0.1459586071143707,1.589440902074178,0.01514199425041212,0.2,0.0,10.0,100.0,1.5,"{'eta': 0.2, 'gamma': 0, 'max_depth': 10, 'n_estimators': 100, 'scale_pos_weight': 1.5}",0.8310265025473086,0.8292139022689308,0.8307714675734837,0.8303372907965744,0.0008011500265241204,8,0.8185752383385765,0.8162081048506182,0.8204858202704319,0.8184230544865422,0.0017496823038946172,87
66,22.20057249069214,0.15806968675258032,1.6978121598561604,0.1207593778512271,0.2,0.0,10.0,100.0,2.0,"{'eta': 0.2, 'gamma': 0, 'max_depth': 10, 'n_estimators': 100, 'scale_pos_weight': 2}",0.8310430769597691,0.8290682362646952,0.8293710002335052,0.8298274378193232,0.0008684278496380722,14,0.8346561057792115,0.8342233184071263,0.8358581628175981,0.8349125290013119,0.0006916134340496896,65
67,22.472238779067993,0.1758940265195462,1.716104507446289,0.1357842983942558,0.2,0.0,10.0,100.0,3.0,"{'eta': 0.2, 'gamma': 0, 'max_depth': 10, 'n_estimators': 100, 'scale_pos_weight': 3}",0.8263030830423047,0.825361658262271,0.8260821186157783,0.8259156199734514,0.0004019631015718564,39,0.8567413487488222,0.8563811530694507,0.8587451637349927,0.8572892218510885,0.0010399552262282486,30
68,30.075567960739136,0.17052515616727082,1.8813153902689617,0.03391625051149189,0.2,0.0,10.0,150.0,1.0,"{'eta': 0.2, 'gamma': 0, 'max_depth': 10, 'n_estimators': 150, 'scale_pos_weight': 1}",0.8289143339334873,0.8287212545299687,0.8296989699635039,0.8291115194756533,0.0004228029255438794,18,0.7921783427284776,0.7921745168937525,0.796154920027123,0.7935025932164511,0.001875478924116832,110
69,30.83610192934672,0.22456039894318056,1.914536952972412,0.030300643937620417,0.2,0.0,10.0,150.0,1.5,"{'eta': 0.2, 'gamma': 0, 'max_depth': 10, 'n_estimators': 150, 'scale_pos_weight': 1.5}",0.8328676512516393,0.8311296975718608,0.8324519708076523,0.8321497732103841,0.0007409963063829987,1,0.8163555356829179,0.8145877732812912,0.8193929240955686,0.8167787443532593,0.0019843887003267798,92
70,31.189193328221638,0.06985279202999878,2.043381452560425,0.09791817016544761,0.2,0.0,10.0,150.0,2.0,"{'eta': 0.2, 'gamma': 0, 'max_depth': 10, 'n_estimators': 150, 'scale_pos_weight': 2}",0.8322387390273595,0.8321880983503019,0.8317454754014785,0.8320574375930466,0.00022155725560858643,2,0.8296737516168697,0.8308629263347781,0.832946432132743,0.8311610366947969,0.0013525930109255686,68
71,31.966750462849934,0.22351137771094293,2.0366018613179526,0.1421620643432012,0.2,0.0,10.0,150.0,3.0,"{'eta': 0.2, 'gamma': 0, 'max_depth': 10, 'n_estimators': 150, 'scale_pos_weight': 3}",0.829578706702145,0.8304001312033613,0.8306970202084959,0.8302252860380007,0.00047299358593904495,10,0.8488606058670414,0.8487105193841143,0.8527541781340992,0.8501084344617515,0.0018718264116301992,32
72,5.557875951131185,0.10765169974570013,1.1309922536214192,0.04698561397438895,0.2,5.0,6.0,50.0,1.0,"{'eta': 0.2, 'gamma': 5, 'max_depth': 6, 'n_estimators': 50, 'scale_pos_weight': 1}",0.8113499395650372,0.8116145037845865,0.8122958596774058,0.8117534343423433,0.00039846998185123517,122,0.7664361795563789,0.767717886704501,0.7717442463403933,0.7686327708670911,0.0022615117390966345,140
73,5.501709858576457,0.04292511980384588,1.1250276565551758,0.018793769334672784,0.2,5.0,6.0,50.0,1.5,"{'eta': 0.2, 'gamma': 5, 'max_depth': 6, 'n_estimators': 50, 'scale_pos_weight': 1.5}",0.8153414571410199,0.8150782818145323,0.8162348766961275,0.8155515385505598,0.0004949939925620349,105,0.8099120103479663,0.8103094593839547,0.8148219057875633,0.8116811251731614,0.0022267867110710425,104
74,5.575972716013591,0.022664223338047882,1.1163725852966309,0.03082940236458471,0.2,5.0,6.0,50.0,2.0,"{'eta': 0.2, 'gamma': 5, 'max_depth': 6, 'n_estimators': 50, 'scale_pos_weight': 2}",0.8136653667537582,0.8115390723961743,0.8111184421216716,0.8121076270905347,0.0011147935835067802,119,0.8379696906788457,0.8360990717016674,0.8384986637948227,0.8375224753917786,0.0010294049051509566,60
75,5.490009784698486,0.04635641953165905,1.2201193968454997,0.053865909726382506,0.2,5.0,6.0,50.0,3.0,"{'eta': 0.2, 'gamma': 5, 'max_depth': 6, 'n_estimators': 50, 'scale_pos_weight': 3}",0.8006650981313386,0.7993326366353152,0.8004869471121331,0.8001615606262623,0.0005906328151436345,141,0.8708500343335303,0.8699903418660153,0.8733835906026883,0.8714079889340779,0.0014403747774884893,13
76,8.674487193425497,0.059422946171311955,1.3198736508687336,0.06659518634142879,0.2,5.0,6.0,100.0,1.0,"{'eta': 0.2, 'gamma': 5, 'max_depth': 6, 'n_estimators': 100, 'scale_pos_weight': 1}",0.8182463986817937,0.8185569000759702,0.8196119427950154,0.8188050805175932,0.000584450072000275,93,0.7771354657383306,0.7783258702297997,0.7817877228670576,0.7790830196117294,0.00197329343786219,132
77,8.523021221160889,0.05066692273364285,1.2972331047058105,0.01501557608563108,0.2,5.0,6.0,100.0,1.5,"{'eta': 0.2, 'gamma': 5, 'max_depth': 6, 'n_estimators': 100, 'scale_pos_weight': 1.5}",0.8217736757624398,0.8217927793172313,0.8227337911089274,0.8221000820628662,0.0004481678277508167,70,0.8175612015138691,0.817860364135597,0.8215228750349008,0.8189814802281224,0.001801182989315699,83
78,8.459278345108032,0.02379383097183204,1.2709767818450928,0.03584248110057163,0.2,5.0,6.0,100.0,2.0,"{'eta': 0.2, 'gamma': 5, 'max_depth': 6, 'n_estimators': 100, 'scale_pos_weight': 2}",0.8190674315166853,0.818596631574042,0.8191141055821629,0.8189260562242967,0.00023371644820682509,91,0.8425128950352119,0.8412793435661662,0.8452155877308444,0.8430026087774075,0.0016438510056089226,42
79,8.537136236826578,0.06727547093394465,1.3075322310129802,0.05050814413199924,0.2,5.0,6.0,100.0,3.0,"{'eta': 0.2, 'gamma': 5, 'max_depth': 6, 'n_estimators': 100, 'scale_pos_weight': 3}",0.8075869336143308,0.8073892662817629,0.8085242525649984,0.8078334841536973,0.0004950682391547286,127,0.8720077929129206,0.8723210651085942,0.876957440867935,0.8737620996298165,0.0022630641599625675,5
80,11.51337162653605,0.08550376572809516,1.4657941659291585,0.004625783092315518,0.2,5.0,6.0,150.0,1.0,"{'eta': 0.2, 'gamma': 5, 'max_depth': 6, 'n_estimators': 150, 'scale_pos_weight': 1}",0.8209328744555717,0.821765894853135,0.822571160462934,0.8217566432572135,0.000668859454345016,74,0.7818303763913065,0.783705690317122,0.7866937896374298,0.7840766187819527,0.0020027294783466704,127
81,11.49171551068624,0.12580020393070673,1.4528274536132812,0.010924122316802376,0.2,5.0,6.0,150.0,1.5,"{'eta': 0.2, 'gamma': 5, 'max_depth': 6, 'n_estimators': 150, 'scale_pos_weight': 1.5}",0.8248731881875248,0.8250189677528131,0.8254234378804753,0.825105197940271,0.00023276657129669317,49,0.8199565640919181,0.8202150331649146,0.8247616768377807,0.8216444246982045,0.002206754365079071,73
82,11.452441374460856,0.07125863685866535,1.5302881399790447,0.06379808464068049,0.2,5.0,6.0,150.0,2.0,"{'eta': 0.2, 'gamma': 5, 'max_depth': 6, 'n_estimators': 150, 'scale_pos_weight': 2}",0.8223344722648132,0.8216939714340155,0.82202749952567,0.8220186477414995,0.0002615582715513381,72,0.8436147618211143,0.8433147354389662,0.8467791472218898,0.8445695481606568,0.0015672162084511086,36
83,11.445934057235718,0.1141191849134473,1.4661146799723308,0.029796441890602206,0.2,5.0,6.0,150.0,3.0,"{'eta': 0.2, 'gamma': 5, 'max_depth': 6, 'n_estimators': 150, 'scale_pos_weight': 3}",0.8112382996261079,0.8108108108108107,0.8121464017098442,0.811398504048921,0.0005568960736151102,124,0.872271282796506,0.8724647398290271,0.8760400462685972,0.8735920229647101,0.0017328146617836885,6
84,12.062731901804606,0.01732549106595145,1.2928948402404785,0.02419365172303414,0.2,5.0,10.0,50.0,1.0,"{'eta': 0.2, 'gamma': 5, 'max_depth': 10, 'n_estimators': 50, 'scale_pos_weight': 1}",0.8225144554754571,0.8232849452229832,0.8243588621079272,0.8233860876021225,0.0007563646792909644,61,0.7825649542485748,0.7842803891988538,0.7886402616568944,0.7851618683681076,0.002557354645040742,126
85,12.183436075846354,0.07722539780796188,1.4065983295440674,0.05742613032998648,0.2,5.0,10.0,50.0,1.5,"{'eta': 0.2, 'gamma': 5, 'max_depth': 10, 'n_estimators': 50, 'scale_pos_weight': 1.5}",0.8257642450430077,0.8263993033718737,0.8273917502966435,0.8265184329038416,0.0006697448378266477,33,0.8163555356829179,0.8181078039318982,0.8204778429260899,0.8183137275136353,0.0016892123693038811,89
86,12.446961959203085,0.09183772653904797,1.3201701641082764,0.040220355030066504,0.2,5.0,10.0,50.0,2.0,"{'eta': 0.2, 'gamma': 5, 'max_depth': 10, 'n_estimators': 50, 'scale_pos_weight': 2}",0.8253097616733623,0.8247602304299371,0.8253298359628862,0.8251332760220619,0.0002639103441547081,48,0.8373788345762604,0.8387889817453286,0.840867935064417,0.8390119171286686,0.0014331156485021224,55
87,12.602841059366861,0.1649065342268612,1.3467470804850261,0.009476203477131665,0.2,5.0,10.0,50.0,3.0,"{'eta': 0.2, 'gamma': 5, 'max_depth': 10, 'n_estimators': 50, 'scale_pos_weight': 3}",0.8197341296307524,0.8184857884456267,0.8183411830205998,0.8188537003656596,0.0006253502753714306,92,0.863600070263969,0.8645865759919542,0.8676877667424514,0.8652914709994581,0.0017416416305222667,23
88,16.5796746412913,0.23898246793841277,1.588455041249593,0.11913213528262528,0.2,5.0,10.0,100.0,1.0,"{'eta': 0.2, 'gamma': 5, 'max_depth': 10, 'n_estimators': 100, 'scale_pos_weight': 1}",0.8259195714943298,0.8258497200700765,0.826607280371303,0.8261255239785698,0.0003418447228611955,37,0.7879545200491848,0.7882793355842372,0.7920705197239839,0.7894347917858019,0.0018684525872206751,115
89,18.978050390879314,0.5774880658224673,1.6137297948201497,0.05295632156144593,0.2,5.0,10.0,100.0,1.5,"{'eta': 0.2, 'gamma': 5, 'max_depth': 10, 'n_estimators': 100, 'scale_pos_weight': 1.5}",0.8304030996441569,0.8291429427023265,0.8301687380747804,0.8299049268070879,0.0005472331424125124,13,0.8179843822359911,0.8177166894151641,0.8208607554545092,0.8188539423685549,0.0014232331580007012,85
90,20.07243339220683,0.042199339527882,1.685857613881429,0.1050958633665042,0.2,5.0,10.0,100.0,2.0,"{'eta': 0.2, 'gamma': 5, 'max_depth': 10, 'n_estimators': 100, 'scale_pos_weight': 2}",0.8297003535756378,0.8282910712941651,0.83009196084248,0.829361128570761,0.0007733502846954154,17,0.8347119975726992,0.8344627762745145,0.8370946511906187,0.8354231416792776,0.001186306831795021,61
91,20.622598091761272,0.11828176261533473,1.635309060414632,0.03000922825944088,0.2,5.0,10.0,100.0,3.0,"{'eta': 0.2, 'gamma': 5, 'max_depth': 10, 'n_estimators': 100, 'scale_pos_weight': 3}",0.8261212128200102,0.8256060792517843,0.8257556612370864,0.8258276511029603,0.00021637552829849427,40,0.8581226745021638,0.8567962133729237,0.8601810857165649,0.8583666578638841,0.0013925961621576047,28
92,17.88469934463501,0.17797867293678984,1.5139795939127605,0.04887299103109919,0.2,5.0,10.0,150.0,1.0,"{'eta': 0.2, 'gamma': 5, 'max_depth': 10, 'n_estimators': 150, 'scale_pos_weight': 1}",0.8259195714943298,0.8258497200700765,0.826607280371303,0.8261255239785698,0.0003418447228611955,37,0.7879545200491848,0.7882793355842372,0.7920705197239839,0.7894347917858019,0.0018684525872206751,115
93,20.52339466412862,0.7655968455095419,1.649610996246338,0.10376690090278108,0.2,5.0,10.0,150.0,1.5,"{'eta': 0.2, 'gamma': 5, 'max_depth': 10, 'n_estimators': 150, 'scale_pos_weight': 1.5}",0.8304165619655175,0.8291382045388325,0.8306080612096656,0.8300542759046717,0.0006524610080867859,11,0.8179843822359911,0.8177087074862511,0.8209804156196402,0.8188911684472941,0.0014816014876427926,84
94,22.085407495498657,0.4306733408049911,1.806183656056722,0.10683760715751278,0.2,5.0,10.0,150.0,2.0,"{'eta': 0.2, 'gamma': 5, 'max_depth': 10, 'n_estimators': 150, 'scale_pos_weight': 2}",0.8298539948842605,0.8282910712941651,0.8306266706266706,0.8295905789350321,0.0009715269878670204,15,0.8341211414701138,0.8344627762745145,0.8366399425631207,0.835074620102583,0.001115602793408798,64
95,23.94476906458537,0.46222512362348006,1.8440612157185872,0.14430844607169782,0.2,5.0,10.0,150.0,3.0,"{'eta': 0.2, 'gamma': 5, 'max_depth': 10, 'n_estimators': 150, 'scale_pos_weight': 3}",0.827660632315703,0.8278164138347168,0.8271478667445937,0.8275416376316711,0.0002856088281185588,27,0.857316235767554,0.8541541949027402,0.8580351800885485,0.8565018702529477,0.001685804436394472,31
96,5.506752173105876,0.07716295564159767,1.2333858013153076,0.04845159203395885,0.3,0.0,6.0,50.0,1.0,"{'eta': 0.3, 'gamma': 0, 'max_depth': 6, 'n_estimators': 50, 'scale_pos_weight': 1}",0.8130336530166518,0.8134877138165493,0.8147435522055931,0.8137549730129314,0.0007231917300521375,110,0.7713147346736717,0.7730577971472586,0.7769295201627379,0.7737673506612227,0.0023464943588171424,138
97,5.519299666086833,0.048029531608445156,1.2037903467814128,0.02003184157149916,0.3,0.0,6.0,50.0,1.5,"{'eta': 0.3, 'gamma': 0, 'max_depth': 6, 'n_estimators': 50, 'scale_pos_weight': 1.5}",0.8175722097447496,0.8175307613432453,0.8174361714429261,0.8175130475103071,5.693235634669507e-05,100,0.8123792338033567,0.8145877732812912,0.817693749750708,0.8148869189451187,0.0021799290561549133,99
98,5.457364718119304,0.049872231848796626,1.1772122383117676,0.009087000389300296,0.3,0.0,6.0,50.0,2.0,"{'eta': 0.3, 'gamma': 0, 'max_depth': 6, 'n_estimators': 50, 'scale_pos_weight': 2}",0.8152216494645426,0.8150306035484619,0.814250934667783,0.8148343958935959,0.0004198768764237437,107,0.8390875265486019,0.8396669939257521,0.8417693749750708,0.8401746318164749,0.0011522007685907227,49
99,5.4140825271606445,0.04222965158817868,1.2054754098256428,0.021317211421772217,0.3,0.0,6.0,50.0,3.0,"{'eta': 0.3, 'gamma': 0, 'max_depth': 6, 'n_estimators': 50, 'scale_pos_weight': 3}",0.8029267609062042,0.802329768860471,0.803783494340896,0.8030133413691903,0.0005966303017991416,135,0.8691812650708229,0.8713791974968671,0.874149415659527,0.8715699594090723,0.0020327194671787533,12
100,8.472640673319498,0.05501408277937808,1.3919583161671956,0.03375539549805031,0.3,0.0,6.0,100.0,1.0,"{'eta': 0.3, 'gamma': 0, 'max_depth': 6, 'n_estimators': 100, 'scale_pos_weight': 1}",0.8186561503354804,0.8193025006272477,0.81971598579929,0.8192248789206727,0.0004361434393910559,90,0.7798581945353795,0.7819416840273621,0.7846595668302022,0.7821531484643146,0.0019658470412597328,130
101,8.507213989893595,0.10742121777517252,1.4335161050160725,0.05158676752927521,0.3,0.0,6.0,100.0,1.5,"{'eta': 0.3, 'gamma': 0, 'max_depth': 6, 'n_estimators': 100, 'scale_pos_weight': 1.5}",0.8221879864554748,0.8219504275354476,0.8220409628462597,0.8220597922790608,9.789269899853226e-05,71,0.8181440730745277,0.8182993702258088,0.8220573571058195,0.819500266802052,0.0018092470657735513,82
102,8.417659521102905,0.11156197815691879,1.3187932968139648,0.010068928351537141,0.3,0.0,6.0,100.0,2.0,"{'eta': 0.3, 'gamma': 0, 'max_depth': 6, 'n_estimators': 100, 'scale_pos_weight': 2}",0.8197597730801106,0.8203790807060029,0.8196313888534034,0.8199234142131723,0.0003264399811432335,85,0.8411076156560898,0.8436579583822227,0.8445135814287423,0.8430930518223517,0.001446718188904143,40
103,8.329856793085733,0.14309526333877548,1.3174933592478435,0.03877549821879321,0.3,0.0,6.0,100.0,3.0,"{'eta': 0.3, 'gamma': 0, 'max_depth': 6, 'n_estimators': 100, 'scale_pos_weight': 3}",0.8087570862677689,0.8097796903295571,0.8101838692649289,0.8095735486207517,0.0006004432991982805,126,0.8697002602960668,0.8726802519096765,0.8754257907542579,0.8726021009866671,0.0023380911633201534,8
104,11.306998332341513,0.06841632957149528,1.499344825744629,0.10059305703977155,0.3,0.0,6.0,150.0,1.0,"{'eta': 0.3, 'gamma': 0, 'max_depth': 6, 'n_estimators': 150, 'scale_pos_weight': 1}",0.8211429718606752,0.8218007616388193,0.8219210027692756,0.8216215787562566,0.00034196773993753457,75,0.7838105427891602,0.7845916844264585,0.7872522037413745,0.785218143652331,0.0014732268209070416,125
105,11.329148530960083,0.06418346123221644,1.5584829648335774,0.005992300380580002,0.3,0.0,6.0,150.0,1.5,"{'eta': 0.3, 'gamma': 0, 'max_depth': 6, 'n_estimators': 150, 'scale_pos_weight': 1.5}",0.8242182163035353,0.8242493354641311,0.8242618839381631,0.8242431452352764,1.8356738607418047e-05,57,0.8188546973060156,0.8192492197664487,0.8232459814127877,0.8204499661617506,0.0019836310066761197,76
106,11.343127806981405,0.07525113878227242,1.4833767414093018,0.02735572734702203,0.3,0.0,6.0,150.0,2.0,"{'eta': 0.3, 'gamma': 0, 'max_depth': 6, 'n_estimators': 150, 'scale_pos_weight': 2}",0.822441281222084,0.8229020182228265,0.8215661103979459,0.8223031366142856,0.0005540609946219233,67,0.8416984717586752,0.8430832595004909,0.8449603127118982,0.8432473479903547,0.001336686294638115,39
107,11.32286556561788,0.13586702368636677,1.6236659685770671,0.07757730083511152,0.3,0.0,6.0,150.0,3.0,"{'eta': 0.3, 'gamma': 0, 'max_depth': 6, 'n_estimators': 150, 'scale_pos_weight': 3}",0.8127673871654162,0.8131279403370405,0.8126087424274463,0.8128346899766342,0.00021723853039174297,116,0.8691812650708229,0.8698307032877565,0.8737026843763711,0.8709048842449835,0.0019960305075821224,16
108,12.463966528574625,0.11724260285344018,1.3776496251424153,0.03534902132952485,0.3,0.0,10.0,50.0,1.0,"{'eta': 0.3, 'gamma': 0, 'max_depth': 10, 'n_estimators': 50, 'scale_pos_weight': 1}",0.8234055266995667,0.8221118707634993,0.82425686880724,0.8232580887567686,0.0008818758839901915,62,0.786676993340892,0.785597407469489,0.7890391288739979,0.787104509894793,0.0014372286664406262,121
109,12.609303951263428,0.11906428713718449,1.3756592273712158,0.039822837746720456,0.3,0.0,10.0,50.0,1.5,"{'eta': 0.3, 'gamma': 0, 'max_depth': 10, 'n_estimators': 50, 'scale_pos_weight': 1.5}",0.8263592820674773,0.8255569159403424,0.8253104652753744,0.8257422210943982,0.00044777797023297123,42,0.8148225036329666,0.8153859661725853,0.8180287982130748,0.8160790893395422,0.0013977114692804535,93
110,12.582180897394815,0.111340026766445,1.3919506072998047,0.11739083256277101,0.3,0.0,10.0,50.0,2.0,"{'eta': 0.3, 'gamma': 0, 'max_depth': 10, 'n_estimators': 50, 'scale_pos_weight': 2}",0.8254396016912318,0.8238116280537845,0.8258023963857788,0.8250178753769317,0.0008657095167347553,50,0.8339614506315772,0.833313378511051,0.8384507997287703,0.8352418762904662,0.0022844243028276082,62
111,12.901351054509481,0.1794117385210312,1.3291490077972412,0.03747588108520286,0.3,0.0,10.0,50.0,3.0,"{'eta': 0.3, 'gamma': 0, 'max_depth': 10, 'n_estimators': 50, 'scale_pos_weight': 3}",0.8206448852021809,0.8197115659101203,0.8199292318228513,0.8200952276450509,0.0003986955270829486,83,0.8574599575222369,0.8595020872744107,0.8595668302022257,0.8588429583329577,0.0009782863737224066,27
112,21.184374411900837,0.20222999210109616,1.666215181350708,0.042216991183829856,0.3,0.0,10.0,100.0,1.0,"{'eta': 0.3, 'gamma': 0, 'max_depth': 10, 'n_estimators': 100, 'scale_pos_weight': 1}",0.8266865791186236,0.8249769788789026,0.8268782778767455,0.8261806119580907,0.0008546876799755453,36,0.7911483368199166,0.7901790346655173,0.7942563120737106,0.7918612278530482,0.0017391967465241794,111
113,21.549802382787068,0.27591663763537383,1.6233473618825276,0.05507181546010963,0.3,0.0,10.0,100.0,1.5,"{'eta': 0.3, 'gamma': 0, 'max_depth': 10, 'n_estimators': 100, 'scale_pos_weight': 1.5}",0.8287778799443419,0.8274689562886649,0.8274949091748207,0.8279139151359424,0.0006110072452867938,25,0.8132335797895275,0.8119377728821947,0.8152925691037454,0.8134879739251559,0.0013813524059689295,101
114,21.64908719062805,0.20414907775590505,1.6352513631184895,0.05607909014382093,0.3,0.0,10.0,100.0,2.0,"{'eta': 0.3, 'gamma': 0, 'max_depth': 10, 'n_estimators': 100, 'scale_pos_weight': 2}",0.8290733354403287,0.8281946063325297,0.8295195145036468,0.8289291520921683,0.0005504162327355736,19,0.8273422653742355,0.828029341570684,0.8319811734673527,0.8291175934707574,0.0020441927865063754,70
115,22.29915976524353,0.04436355582945969,1.6469594637552898,0.009864089368011772,0.3,0.0,10.0,100.0,3.0,"{'eta': 0.3, 'gamma': 0, 'max_depth': 10, 'n_estimators': 100, 'scale_pos_weight': 3}",0.8269353020783363,0.826530652005346,0.8270321691354909,0.8268327077397245,0.00021721580159464004,30,0.846489196914773,0.8465633805065332,0.8495791950859559,0.8475439241690873,0.001439472491368463,35
116,30.132764259974163,0.14496031916803295,1.9943186442057292,0.09148726916318245,0.3,0.0,10.0,150.0,1.0,"{'eta': 0.3, 'gamma': 0, 'max_depth': 10, 'n_estimators': 150, 'scale_pos_weight': 1}",0.8282552865052364,0.8275750135253236,0.828267988097165,0.8280327627092415,0.00032371908515729477,23,0.7931125341339167,0.7936352098848207,0.7960272825176499,0.7942583421787958,0.001268899766717802,109
117,30.765629927317303,0.14609791069575148,1.958767573038737,0.018685365673080368,0.3,0.0,10.0,150.0,1.5,"{'eta': 0.3, 'gamma': 0, 'max_depth': 10, 'n_estimators': 150, 'scale_pos_weight': 1.5}",0.830841927559158,0.8288175577606333,0.8301698017285207,0.8299430956827707,0.0008418491526314662,12,0.8114610114817713,0.8090403326867971,0.8141597862071717,0.8115537101252466,0.0020910357665832394,106
118,30.931483507156372,0.15882545468343412,1.886295000712077,0.06986075331995438,0.3,0.0,10.0,150.0,2.0,"{'eta': 0.3, 'gamma': 0, 'max_depth': 10, 'n_estimators': 150, 'scale_pos_weight': 2}",0.8316779736945125,0.8302153109083064,0.8322564343211926,0.8313832396413371,0.0008589518101476653,4,0.8227032465147475,0.8216038887957664,0.8276654301782936,0.8239908551629358,0.0026367938873045117,72
119,31.613462050755818,0.16642502522904173,2.0378931363423667,0.11450387211337087,0.3,0.0,10.0,150.0,3.0,"{'eta': 0.3, 'gamma': 0, 'max_depth': 10, 'n_estimators': 150, 'scale_pos_weight': 3}",0.8300710723339965,0.8301677965096744,0.830728766778094,0.830322545207255,0.0002899435174896,9,0.8378818607176506,0.838182355147945,0.841553986677835,0.8392060675144769,0.0016647557426256682,54
120,5.479320049285889,0.03887167455734338,1.2290347417195637,0.07751341482428262,0.3,5.0,6.0,50.0,1.0,"{'eta': 0.3, 'gamma': 5, 'max_depth': 6, 'n_estimators': 50, 'scale_pos_weight': 1}",0.813626850240815,0.8142802599614841,0.8148433154476372,0.8142501418833121,0.0004970762676738229,109,0.7728876894332573,0.7745583997828915,0.7771449084599736,0.7748636658920408,0.0017513554766533175,137
121,5.4435280958811445,0.009096567615174732,1.1505959033966064,0.022129060382549238,0.3,5.0,6.0,50.0,1.5,"{'eta': 0.3, 'gamma': 5, 'max_depth': 6, 'n_estimators': 50, 'scale_pos_weight': 1.5}",0.8172112091292004,0.8167599644427359,0.8171824428819693,0.8170512054846352,0.00020627309181419593,101,0.8125229555580397,0.814060965973037,0.8177495911611025,0.8147778375640597,0.002193149727418305,100
122,5.465488433837891,0.01571206259010808,1.1648937861124675,0.044004304996405876,0.3,5.0,6.0,50.0,2.0,"{'eta': 0.3, 'gamma': 5, 'max_depth': 6, 'n_estimators': 50, 'scale_pos_weight': 2}",0.8148461088265048,0.8145421611202712,0.8151009738832729,0.8148297479433496,0.00022842750111226433,108,0.8393190782644799,0.8398984698642273,0.8432691157113796,0.8408288879466955,0.001741638560688462,47
123,5.407177368799846,0.02888074963082596,1.1948172251383464,0.06425611637330379,0.3,5.0,6.0,50.0,3.0,"{'eta': 0.3, 'gamma': 5, 'max_depth': 6, 'n_estimators': 50, 'scale_pos_weight': 3}",0.8026024455030081,0.8021318777517444,0.8025538402896893,0.8024293878481473,0.00021130516603034015,136,0.869740183005701,0.8703415467381848,0.8734075226357145,0.8711630841265334,0.0016059343595568726,15
124,8.413810888926188,0.052548767014516724,1.3553718725840251,0.026802704873198455,0.3,5.0,6.0,100.0,1.0,"{'eta': 0.3, 'gamma': 5, 'max_depth': 6, 'n_estimators': 100, 'scale_pos_weight': 1}",0.818009387391084,0.8194443863967867,0.820635443006336,0.8193630722647356,0.001073623464302868,88,0.7799540090385014,0.782492437122355,0.7857524630050656,0.782732969721974,0.0023733111959455366,129
125,8.473756313323975,0.012378620941981203,1.3846275806427002,0.05530410501361344,0.3,5.0,6.0,100.0,1.5,"{'eta': 0.3, 'gamma': 5, 'max_depth': 6, 'n_estimators': 100, 'scale_pos_weight': 1.5}",0.8216139764380656,0.8224173992483191,0.8230548147793816,0.8223620634885888,0.000589519757192404,66,0.8163395665990643,0.8191614185484064,0.8235570978421284,0.8196860276631996,0.0029698036246689026,80
126,8.373706022898356,0.060419331558684904,1.358716567357381,0.026484201354408057,0.3,5.0,6.0,100.0,2.0,"{'eta': 0.3, 'gamma': 5, 'max_depth': 6, 'n_estimators': 100, 'scale_pos_weight': 2}",0.8197063113877272,0.8198286375676788,0.8191808037353556,0.8195719175635873,0.0002810319596900602,87,0.8412752910365532,0.8424047955428909,0.8453432252403175,0.8430077706065872,0.0017145857356066036,41
127,8.369853337605795,0.03713405915429665,1.3510269323984783,0.04328875960252229,0.3,5.0,6.0,100.0,3.0,"{'eta': 0.3, 'gamma': 5, 'max_depth': 6, 'n_estimators': 100, 'scale_pos_weight': 3}",0.8100506393026329,0.8097155195721497,0.8092436478525977,0.8096699355757934,0.0003310259059855356,125,0.8710815860494083,0.8725206133314176,0.8745163734992621,0.8727061909600294,0.0014083727012878348,7
128,11.185666561126709,0.336105728305558,1.5033162434895833,0.0708086596535414,0.3,5.0,6.0,150.0,1.0,"{'eta': 0.3, 'gamma': 5, 'max_depth': 6, 'n_estimators': 150, 'scale_pos_weight': 1}",0.8198294689102912,0.8214385611883221,0.8230025885819399,0.8214235395601843,0.0012954642281526967,77,0.7823014643649894,0.7852621664551456,0.7887838538550517,0.7854491615583955,0.0026497256149391702,124
129,11.415207942326864,0.10840501596908321,1.4549649556477864,0.014804560277112569,0.3,5.0,6.0,150.0,1.5,"{'eta': 0.3, 'gamma': 5, 'max_depth': 6, 'n_estimators': 150, 'scale_pos_weight': 1.5}",0.8241255338486163,0.8247401990101674,0.8246764390132936,0.8245140572906924,0.0002759579473788685,54,0.8181440730745277,0.820023466871004,0.82421921742252,0.8207955857893506,0.0025395498853520142,75
130,11.233426809310913,0.10903517001270566,1.505651632944743,0.04922883088193162,0.3,5.0,6.0,150.0,2.0,"{'eta': 0.3, 'gamma': 5, 'max_depth': 6, 'n_estimators': 150, 'scale_pos_weight': 2}",0.8213903160092392,0.8233342419876163,0.8220314668775831,0.8222520082914796,0.0008087813626211262,68,0.8418821162229922,0.8437856692448297,0.8456782737026843,0.8437820197235021,0.0015497769499533331,38
131,11.28894074757894,0.03613108068322317,1.5867629845937092,0.08297237417609489,0.3,5.0,6.0,150.0,3.0,"{'eta': 0.3, 'gamma': 5, 'max_depth': 6, 'n_estimators': 150, 'scale_pos_weight': 3}",0.8140605915727589,0.8132985095728137,0.8120727153959783,0.8131439388471836,0.0008188740259117455,115,0.8700994873924083,0.8724248301844624,0.8727214710222967,0.8717485961997223,0.0011723676443956292,11
132,11.352842410405477,0.16939276455227617,1.3862779935201008,0.08985589092410241,0.3,5.0,10.0,50.0,1.0,"{'eta': 0.3, 'gamma': 5, 'max_depth': 10, 'n_estimators': 50, 'scale_pos_weight': 1}",0.8235937513045947,0.8228164558282797,0.8223008982098208,0.8229037017808984,0.0005313982645517183,64,0.7876032002044042,0.7868026787353432,0.7883770092936062,0.7875942960777845,0.0006427485974434918,119
133,11.65763250986735,0.18094238808496377,1.3254881699879963,0.02093474483555116,0.3,5.0,10.0,50.0,1.5,"{'eta': 0.3, 'gamma': 5, 'max_depth': 10, 'n_estimators': 50, 'scale_pos_weight': 1.5}",0.8257084046085224,0.8251009856196477,0.8251917674804209,0.8253337192361969,0.0002675221894065419,45,0.8151498698519666,0.8152023818075876,0.8178453192932073,0.8160658569842538,0.001258452477744044,94
134,11.81436030069987,0.13010648598231944,1.3844641049702961,0.024804529411074323,0.3,5.0,10.0,50.0,2.0,"{'eta': 0.3, 'gamma': 5, 'max_depth': 10, 'n_estimators': 50, 'scale_pos_weight': 2}",0.8248008652198968,0.8232179996218566,0.8252653927813164,0.8244280858743566,0.0008764238007177144,55,0.8342249405151626,0.8340796436866933,0.8372143113557496,0.8351729651858685,0.0014446679967053723,63
135,12.091423908869425,0.15276581873971593,1.3852977752685547,0.08583170455247306,0.3,5.0,10.0,50.0,3.0,"{'eta': 0.3, 'gamma': 5, 'max_depth': 10, 'n_estimators': 50, 'scale_pos_weight': 3}",0.8192973416537852,0.8193404383365457,0.8191960211717466,0.8192779337206925,6.053417917369035e-05,89,0.8569808850066272,0.8584883823024673,0.8593275098719636,0.858265592393686,0.0009708719696729253,29
136,14.221838156382242,0.35710113672129035,1.4388232231140137,0.028113578867550077,0.3,5.0,10.0,100.0,1.0,"{'eta': 0.3, 'gamma': 5, 'max_depth': 10, 'n_estimators': 100, 'scale_pos_weight': 1}",0.8243706067621969,0.8243324382474105,0.823720816048001,0.8241412870192028,0.00029772592216982096,58,0.788928634164258,0.7890056911153149,0.7896134976666268,0.7891826076487333,0.0003063049668405577,117
137,15.351375659306845,0.18145539685835635,1.5136292775472004,0.08846728683260752,0.3,5.0,10.0,100.0,1.5,"{'eta': 0.3, 'gamma': 5, 'max_depth': 10, 'n_estimators': 100, 'scale_pos_weight': 1.5}",0.8270638277166619,0.8265388402426325,0.8259604378597108,0.8265210352730018,0.0004506329303052629,31,0.8142955238657958,0.8140928936886888,0.8174145426987356,0.81526765341774,0.001520332186466438,97
138,16.268146912256878,0.5348547156604861,1.512942870457967,0.031181028856613596,0.3,5.0,10.0,100.0,2.0,"{'eta': 0.3, 'gamma': 5, 'max_depth': 10, 'n_estimators': 100, 'scale_pos_weight': 2}",0.8263365141868183,0.8253183609609253,0.8278911295115091,0.8265153348864175,0.0010579121373952307,34,0.8310870155379186,0.8315733180080298,0.8335048462366879,0.8320550599275455,0.001044200740516134,66
139,18.81310534477234,0.3099015276986564,1.571794033050537,0.06281403633030469,0.3,5.0,10.0,100.0,3.0,"{'eta': 0.3, 'gamma': 5, 'max_depth': 10, 'n_estimators': 100, 'scale_pos_weight': 3}",0.8244374886062594,0.8251613053504462,0.8247731688380914,0.8247906542649323,0.00029575550139164693,52,0.8485731623576755,0.8482794952228155,0.851693191336604,0.849515282972365,0.0015446733697432303,33
140,15.614758253097534,0.25684033872951534,1.4531078338623047,0.02186587971081456,0.3,5.0,10.0,150.0,1.0,"{'eta': 0.3, 'gamma': 5, 'max_depth': 10, 'n_estimators': 150, 'scale_pos_weight': 1}",0.8243706067621969,0.8243324382474105,0.823720816048001,0.8241412870192028,0.00029772592216982096,58,0.788928634164258,0.7890056911153149,0.7896134976666268,0.7891826076487333,0.0003063049668405577,117
141,16.684919039408367,0.36096340289873796,1.4567859967549641,0.08116583396389063,0.3,5.0,10.0,150.0,1.5,"{'eta': 0.3, 'gamma': 5, 'max_depth': 10, 'n_estimators': 150, 'scale_pos_weight': 1.5}",0.8270638277166619,0.8265388402426325,0.8259604378597108,0.8265210352730018,0.0004506329303052629,31,0.8142955238657958,0.8140928936886888,0.8174145426987356,0.81526765341774,0.001520332186466438,97
142,17.56219442685445,0.4632279394132674,1.4823983510335286,0.036466053044370714,0.3,5.0,10.0,150.0,2.0,"{'eta': 0.3, 'gamma': 5, 'max_depth': 10, 'n_estimators': 150, 'scale_pos_weight': 2}",0.8263365141868183,0.8253183609609253,0.8278911295115091,0.8265153348864175,0.0010579121373952307,34,0.8310870155379186,0.8315733180080298,0.8335048462366879,0.8320550599275455,0.001044200740516134,66
143,20.069096565246582,0.1951683561581426,1.632983684539795,0.06472465262687603,0.3,5.0,10.0,150.0,3.0,"{'eta': 0.3, 'gamma': 5, 'max_depth': 10, 'n_estimators': 150, 'scale_pos_weight': 3}",0.8244406863809849,0.825167712280266,0.8247731688380914,0.8247938558331142,0.0002971673247837208,51,0.8485731623576755,0.8482794952228155,0.851693191336604,0.849515282972365,0.0015446733697432303,33
